,Offense Four Factors,,,,Defense Four Factors,,,
Tm,OeFG,OTOV,ORB,OFTPerFGA,DeFG,DTOV,DRB,DFTPerFGA
GSW,0.565666667,0.133,0.221,0.193666667,0.499333333,0.126,0.761,0.196333333
LAL,0.515,0.135666667,0.236,0.187666667,0.524,0.125666667,0.766333333,0.198333333